background,features,model,bagged,hard_cv_auc,hard_cv_sd,heldout_auc,heldout_builtup_auc,heldout_top10,chosen
uniform,base,logistic C=1,False,0.634,0.0302,0.9114,0.8325,18,False
uniform,base,logistic C=1,True,0.6331,0.0322,0.9101,0.8344,18,False
uniform,base,logistic C=0.3,False,0.6343,0.0298,0.9112,0.832,18,False
uniform,base,logistic C=0.3,True,0.6352,0.0314,0.9101,0.8335,18,False
uniform,base,gradient boosting,False,0.5659,0.0054,0.8702,0.7935,18,False
uniform,extended,logistic C=1,False,0.6278,0.028,0.9047,0.8303,18,False
uniform,extended,logistic C=1,True,0.6305,0.0329,0.9087,0.8399,19,False
uniform,extended,logistic C=0.3,False,0.6331,0.0264,0.9092,0.8336,18,False
uniform,extended,logistic C=0.3,True,0.6329,0.0322,0.9123,0.841,19,False
uniform,extended,gradient boosting,False,0.6155,0.0243,0.8854,0.8095,17,False
target,base,logistic C=1,False,0.6028,0.0252,0.8949,0.8386,17,False
target,base,logistic C=1,True,0.6131,0.0334,0.8947,0.8363,17,False
target,base,logistic C=0.3,False,0.6038,0.0241,0.8961,0.8385,16,False
target,base,logistic C=0.3,True,0.6118,0.0323,0.8956,0.8357,17,False
target,base,gradient boosting,False,0.54,0.0351,0.86,0.8094,15,False
target,extended,logistic C=1,False,0.5887,0.0301,0.9048,0.8558,16,False
target,extended,logistic C=1,True,0.5964,0.0345,0.9057,0.8524,18,False
target,extended,logistic C=0.3,False,0.5957,0.0287,0.9062,0.8538,17,False
target,extended,logistic C=0.3,True,0.6018,0.0337,0.9071,0.8524,18,False
target,extended,gradient boosting,False,0.5761,0.0213,0.8748,0.8273,15,False
mixed,base,logistic C=1,False,0.6316,0.0316,0.9076,0.8383,19,False
mixed,base,logistic C=1,True,0.6367,0.0286,0.9048,0.8371,19,False
mixed,base,logistic C=0.3,False,0.6333,0.0305,0.9077,0.8373,19,False
mixed,base,logistic C=0.3,True,0.6372,0.0276,0.9052,0.8361,19,False
mixed,base,gradient boosting,False,0.5876,0.0317,0.8644,0.811,17,False
mixed,extended,logistic C=1,False,0.6392,0.0325,0.9117,0.8479,19,False
mixed,extended,logistic C=1,True,0.6328,0.0339,0.9072,0.8477,19,False
mixed,extended,logistic C=0.3,False,0.6413,0.0297,0.9131,0.8462,19,True
mixed,extended,logistic C=0.3,True,0.6324,0.0341,0.9088,0.8472,19,False
mixed,extended,gradient boosting,False,0.5997,0.0008,0.8925,0.8317,16,False
