place_name,lat,lon,matched,method
Athi River estates,,,,MISSING
Central Business District,-1.2863575,36.8216988,"Central Business District, Starehe location, CBD division, Starehe, Nairobi, Kenya",nominatim
Central Business District (CBD),-1.2900328,36.8249721,"Central Bank of Kenya, 60000, Haile Selassie Avenue, Central Business District, Starehe location, CBD division, Starehe, Nairobi, 00200, Kenya",nominatim
Dagoretti,-1.2835913,36.7246656,"Dagoretti, Nairobi, Kenya",nominatim
Dagoretti North,-1.2797593,36.7750641,"Dagoretti North, Nairobi, Kenya",nominatim
Eastleigh,-1.2743401,36.8489576,"Eastleigh, Eastleigh North ward, Kamukunji, Nairobi, 00610, Kenya",nominatim
Embakasi,-1.3076101,36.934159,"Embakasi, Nairobi, Kenya",nominatim
Embakasi North,-1.2510972,36.8999351,"Embakasi North, Njiru, Nairobi, Kenya",nominatim
Embakasi South,-1.3323111,36.8974515,"Embakasi South, Embakasi, Nairobi, Kenya",nominatim
Enterprise Road,-1.3072572,36.84298,"Enterprise Road, Industrial Area, Landimawe ward, Starehe, Nairobi, 00500, Kenya",nominatim
Expressway,-1.2591297,36.7842153,"Absa, Nairobi Expressway, Parklands location, Parklands/Highridge ward, Highridge division, Westlands, Nairobi, 97104, Kenya",nominatim
Gikomba,-1.2867334,36.8415284,"Gikomba, Gorofani/Bondeni sublocation, Pumwani ward, Kamukunji, Nairobi, 00300, Kenya",nominatim
Githurai,-1.202837,36.9168588,"Githurai, Nairobi, Kenya",nominatim
Globe,-1.2773484,36.8211132,"Globe, Kipande Road, Ngara West sublocation, Ngara location, CBD division, Starehe, Nairobi, 46464, Kenya",nominatim
Grogan,-1.2505953,36.8873431,"Grogan A, Korogocho ward, Kasarani, Nairobi, Kenya",nominatim
Huruma,-1.2587253,36.8715039,"Huruma, Ngei ward, Mathare, Nairobi, 57935, Kenya",nominatim
Industrial Area,-1.3045352,36.8441856,"Industrial Area, Landimawe ward, Starehe, Nairobi, 00500, Kenya",nominatim
Jogoo Road,-1.2969121,36.864002,"Jogoo Road, Ofafa, Ofafa sublocation, Maringo/Hamza ward, Makadara subcounty, Nairobi, 17048, Kenya",nominatim
Kahawa West,-1.1863052,36.9068145,"Kahawa West, Githurai division, Kasarani, Nairobi, 00607, Kenya",nominatim
Kamukunji,-1.277867,36.8617054,"Kamukunji, Nairobi, Kenya",nominatim
Kamulu,-1.2825126,37.0637026,"Kamulu, Ruai ward, Njiru, Nairobi, 77809, Kenya",nominatim
Kasarani,-1.2124598,36.8829731,"Kasarani, Nairobi, Kenya",nominatim
Kawangware,-1.2784631,36.751643,"Kawangware, Kawangware division, Dagoretti, Nairobi, 23318, Kenya",nominatim
Kayole,-1.2667475,36.9193623,"Kayole, Njiru, Nairobi, 55145, Kenya",nominatim
Kibera,-1.3113332,36.7890001,"Kibera, Lindi ward, Kibra, Nairobi, 21104, Kenya",nominatim
Kibra,-1.3061048,36.7809577,"Kibra, Nairobi, Kenya",nominatim
Kileleshwa,-1.2767338,36.7879011,"Kileleshwa, Kilimani division, Westlands, Nairobi, 29526, Kenya",nominatim
Kilimani,-1.2960146,36.7817791,"Kilimani, Kilimani division, Westlands, Nairobi, 44847, Kenya",nominatim
Kirinyaga Road,-1.280782,36.8277117,"Kirinyaga Road, City Centre, Starehe location, CBD division, Starehe, Nairobi, 40204, Kenya",nominatim
Korogocho,-1.2517501,36.8903088,"Korogocho, Korogocho ward, Kasarani, Nairobi, 00623, Kenya",nominatim
Kware Road,-1.3082433,36.8903279,"Kware, Outer Ring Road, Pipeline, Pipeline ward, Embakasi, Nairobi, 00501, Kenya",nominatim
Kware slums,,,,MISSING
Langata,-1.3708746,36.8184145,"Langata, Nairobi, Kenya",nominatim
Langata Road,-1.3340427,36.7171166,"Langata Road, Karen, Karen ward, Langata, Nairobi, 00505, Kenya",nominatim
Lang’ata,-1.318968,36.7910322,"NHC Lang'ata Court, Phase 2A, Southlands, Mugumo-ini ward, Langata, Nairobi, Kenya",nominatim
Lang’ata Road,-1.3255281,36.7825924,"Lang'ata Boys High School, Maboko Road, Rubia, Mugumo-ini ward, Langata, Nairobi, 00509, Kenya",nominatim
Lang’ata Road near T-Mall,,,,MISSING
Lunga Lunga Road,-1.3091742,36.8601762,"Lunga Lunga Road, Viwandani ward, Makadara subcounty, Nairobi, 00507, Kenya",nominatim
Madaraka,-1.3074039,36.8153361,"Madaraka Estate, Nairobi West, Nairobi West ward, Langata, Nairobi, Kenya",nominatim
Makadara,-1.2952187,36.8718614,"Makadara, Maringo/Hamza ward, Makadara subcounty, Nairobi, 00504, Kenya",nominatim
Mashimoni area in Kibera,,,,MISSING
Mathare,-1.2584151,36.8712653,"Mathare, Nairobi, Kenya",nominatim
Mbagathi Way,-1.3148249,36.8087925,"Raila Odinga Way, Nyayo Highrise ward, Langata, Nairobi, 00202, Kenya",nominatim
Mombasa Road,-1.3302358,36.8558868,"Mombasa Road, South C ward, Langata, Nairobi, 00603, Kenya",nominatim
Mombasa Road (South C–JKIA Exit-Kyumbi),,,,MISSING
Mukuru,-1.3176821,36.8767563,"Mukuru, Wattle Lane, Muimara Estate, Imara Daima, Imara Daima ward, Embakasi, Nairobi, 50504, Kenya",nominatim
Mukuru Kwa Reuben,-1.3139083,36.88422,"Mukuru kwa Reuben, Quarry road, Honey Suckle apartments Ph. 2, Kware, Kware ward, Embakasi, Nairobi, 00501, Kenya",nominatim
Mukuru kwa Ruben,-1.3167513,36.8825987,"Mukuru Kwa Ruben, Kwa Reuben ward, Embakasi, Nairobi, 50504, Kenya",nominatim
Nairobi Expressway,-1.269222,36.8059895,"Nairobi Expressway, Muthangari sublocation, Kileleshwa location, Kilimani division, Westlands, Nairobi, 97104, Kenya",nominatim
Nairobi River,-1.2388548,36.9100641,"Mto Nairobi, Kikuyu, Nairobi, Kenya",nominatim
Nairobi West,-1.3087022,36.8230975,"Nairobi West, Nairobi West ward, Langata, Nairobi, 30326, Kenya",nominatim
Ngara,-1.2735233,36.8286211,"Ngara, CBD division, Starehe, Nairobi, 30108, Kenya",nominatim
Pipeline,-1.3200602,36.8935826,"Pipeline, Pipeline ward, Embakasi, Nairobi, 00501, Kenya",nominatim
Pipeline/Embakasi,-1.3370458,36.8959243,"SINOTRUK Kenya, Mombasa Road, Pipeline, Pipeline ward, Embakasi, Nairobi, 00501, Kenya",nominatim
Roysambu,-1.2188396,36.8867392,"Roysambu, Roysambu division, Kasarani, Nairobi, 00608, Kenya",nominatim
South B,-1.3141724,36.8376708,"South B, Nairobi South ward, Starehe, Nairobi, 00603, Kenya",nominatim
South C,-1.3188367,36.8278221,"South C, South C ward, Langata, Nairobi, 30326, Kenya",nominatim
Tatu City,,,,MISSING
Thika Road,-1.2348175,36.8736262,"Thika Road, Kasarani sublocation, Kasarani location, Kasarani, Nairobi, 31224, Kenya",nominatim
Thika Superhighway,,,,MISSING
Thika Superhighway (Githurai-Kahawa Sukari),,,,MISSING
Uhuru Highway,-1.2974475,36.8232982,"Uhuru Highway, Landimawe, Landimawe ward, Starehe, Nairobi, 40476, Kenya",nominatim
Westlands,-1.2465281,36.7860759,"Westlands, Nairobi, Kenya",nominatim
central business district,-1.2863575,36.8216988,"Central Business District, Starehe location, CBD division, Starehe, Nairobi, Kenya",nominatim
