place_name,place_type,mechanism,severity,event_date,evidence_quote,confidence,source_id,source_title,source_url,source_date,lat,lon,geocode_method
Mukuru,neighbourhood,encroachment_on_drainage,2,2026-03,"walls of brown water poured through Nairobi’s most densely packed neighbourhoods – Mukuru, Kibra, Mathare, Huruma, South B and C, Pipeline, Githurai, Kahawa West – sweeping cars off roads, tearing through informal settlements, and dragging people into drainage channels that double as open sewers.",0.95,african_mirror_42_dead,Nairobi under water: 42 dead 50000 displaced,https://theafricanmirror.africa/news/nairobi-under-water-42-dead-50000-displaced-as-kenyas-floods-expose-a-citys-broken-promises/, ,-1.3176821,36.8767563,nominatim
Kibra,neighbourhood,encroachment_on_drainage,2,2026-03,"walls of brown water poured through Nairobi’s most densely packed neighbourhoods – Mukuru, Kibra, Mathare, Huruma, South B and C, Pipeline, Githurai, Kahawa West – sweeping cars off roads, tearing through informal settlements, and dragging people into drainage channels that double as open sewers.",0.95,african_mirror_42_dead,Nairobi under water: 42 dead 50000 displaced,https://theafricanmirror.africa/news/nairobi-under-water-42-dead-50000-displaced-as-kenyas-floods-expose-a-citys-broken-promises/, ,-1.3061048,36.7809577,nominatim
Mathare,neighbourhood,encroachment_on_drainage,2,2026-03,"walls of brown water poured through Nairobi’s most densely packed neighbourhoods – Mukuru, Kibra, Mathare, Huruma, South B and C, Pipeline, Githurai, Kahawa West – sweeping cars off roads, tearing through informal settlements, and dragging people into drainage channels that double as open sewers.",0.95,african_mirror_42_dead,Nairobi under water: 42 dead 50000 displaced,https://theafricanmirror.africa/news/nairobi-under-water-42-dead-50000-displaced-as-kenyas-floods-expose-a-citys-broken-promises/, ,-1.2584151,36.8712653,nominatim
Huruma,neighbourhood,encroachment_on_drainage,2,2026-03,"walls of brown water poured through Nairobi’s most densely packed neighbourhoods – Mukuru, Kibra, Mathare, Huruma, South B and C, Pipeline, Githurai, Kahawa West – sweeping cars off roads, tearing through informal settlements, and dragging people into drainage channels that double as open sewers.",0.95,african_mirror_42_dead,Nairobi under water: 42 dead 50000 displaced,https://theafricanmirror.africa/news/nairobi-under-water-42-dead-50000-displaced-as-kenyas-floods-expose-a-citys-broken-promises/, ,-1.2587253,36.8715039,nominatim
South B,neighbourhood,encroachment_on_drainage,2,2026-03,"walls of brown water poured through Nairobi’s most densely packed neighbourhoods – Mukuru, Kibra, Mathare, Huruma, South B and C, Pipeline, Githurai, Kahawa West – sweeping cars off roads, tearing through informal settlements, and dragging people into drainage channels that double as open sewers.",0.95,african_mirror_42_dead,Nairobi under water: 42 dead 50000 displaced,https://theafricanmirror.africa/news/nairobi-under-water-42-dead-50000-displaced-as-kenyas-floods-expose-a-citys-broken-promises/, ,-1.3141724,36.8376708,nominatim
South C,neighbourhood,encroachment_on_drainage,2,2026-03,"walls of brown water poured through Nairobi’s most densely packed neighbourhoods – Mukuru, Kibra, Mathare, Huruma, South B and C, Pipeline, Githurai, Kahawa West – sweeping cars off roads, tearing through informal settlements, and dragging people into drainage channels that double as open sewers.",0.95,african_mirror_42_dead,Nairobi under water: 42 dead 50000 displaced,https://theafricanmirror.africa/news/nairobi-under-water-42-dead-50000-displaced-as-kenyas-floods-expose-a-citys-broken-promises/, ,-1.3188367,36.8278221,nominatim
Pipeline,neighbourhood,encroachment_on_drainage,2,2026-03,"walls of brown water poured through Nairobi’s most densely packed neighbourhoods – Mukuru, Kibra, Mathare, Huruma, South B and C, Pipeline, Githurai, Kahawa West – sweeping cars off roads, tearing through informal settlements, and dragging people into drainage channels that double as open sewers.",0.95,african_mirror_42_dead,Nairobi under water: 42 dead 50000 displaced,https://theafricanmirror.africa/news/nairobi-under-water-42-dead-50000-displaced-as-kenyas-floods-expose-a-citys-broken-promises/, ,-1.3200602,36.8935826,nominatim
Grogan,neighbourhood,river_overflow,2,2026-03,"Rivers such as the Nairobi River overflowed their banks, engulfing industrial zones and low-lying residential areas in Grogan, Kamulu, and parts of Westlands.",0.95,asm_planning_failures,Nairobi city floods expose Kenya's urban planning failures,https://africasustainabilitymatters.com/nairobi-city-floods-expose-kenyas-urban-planning-failures-amid-intensifying-climate-risks/, ,-1.2505953,36.8873431,nominatim
Kamulu,neighbourhood,river_overflow,2,2026-03,"Rivers such as the Nairobi River overflowed their banks, engulfing industrial zones and low-lying residential areas in Grogan, Kamulu, and parts of Westlands.",0.95,asm_planning_failures,Nairobi city floods expose Kenya's urban planning failures,https://africasustainabilitymatters.com/nairobi-city-floods-expose-kenyas-urban-planning-failures-amid-intensifying-climate-risks/, ,-1.2825126,37.0637026,nominatim
Westlands,neighbourhood,river_overflow,2,2026-03,"Rivers such as the Nairobi River overflowed their banks, engulfing industrial zones and low-lying residential areas in Grogan, Kamulu, and parts of Westlands.",0.95,asm_planning_failures,Nairobi city floods expose Kenya's urban planning failures,https://africasustainabilitymatters.com/nairobi-city-floods-expose-kenyas-urban-planning-failures-amid-intensifying-climate-risks/, ,-1.2465281,36.7860759,nominatim
Mombasa Road,road,unknown,1,2026-03,"Streets including Mombasa Road and Uhuru Highway were partially submerged, forcing drivers to wade through hip-deep water or abandon their vehicles entirely.",0.9,asm_planning_failures,Nairobi city floods expose Kenya's urban planning failures,https://africasustainabilitymatters.com/nairobi-city-floods-expose-kenyas-urban-planning-failures-amid-intensifying-climate-risks/, ,-1.3302358,36.8558868,nominatim
Uhuru Highway,road,unknown,1,2026-03,"Streets including Mombasa Road and Uhuru Highway were partially submerged, forcing drivers to wade through hip-deep water or abandon their vehicles entirely.",0.9,asm_planning_failures,Nairobi city floods expose Kenya's urban planning failures,https://africasustainabilitymatters.com/nairobi-city-floods-expose-kenyas-urban-planning-failures-amid-intensifying-climate-risks/, ,-1.2974475,36.8232982,nominatim
Nairobi River,river_section,river_overflow,2,2026-03,"Rivers such as the Nairobi River overflowed their banks, engulfing industrial zones and low-lying residential areas in Grogan, Kamulu, and parts of Westlands.",0.9,asm_planning_failures,Nairobi city floods expose Kenya's urban planning failures,https://africasustainabilitymatters.com/nairobi-city-floods-expose-kenyas-urban-planning-failures-amid-intensifying-climate-risks/, ,-1.2388548,36.9100641,nominatim
Nairobi West,neighbourhood,inadequate_drainage_capacity,1,,"The downpour, which began earlier in the evening, quickly overwhelmed drainage systems in several neighbourhoods including Nairobi West, South C and South B, where roads were submerged under rising water levels.",0.9,citizen_streets_rivers,Nairobi streets turn to filthy rivers as rain pounds city,https://www.citizen.digital/news/nairobi-streets-turn-to-filthy-rivers-as-rain-pounds-city-vehicles-nearly-submerged-n378622, ,-1.3087022,36.8230975,nominatim
South C,neighbourhood,inadequate_drainage_capacity,2,,Residents in South C also reported water entering homes after drainage systems failed to cope with the sudden surge of rainwater.,0.9,citizen_streets_rivers,Nairobi streets turn to filthy rivers as rain pounds city,https://www.citizen.digital/news/nairobi-streets-turn-to-filthy-rivers-as-rain-pounds-city-vehicles-nearly-submerged-n378622, ,-1.3188367,36.8278221,nominatim
South B,neighbourhood,inadequate_drainage_capacity,1,,"The downpour, which began earlier in the evening, quickly overwhelmed drainage systems in several neighbourhoods including Nairobi West, South C and South B, where roads were submerged under rising water levels.",0.9,citizen_streets_rivers,Nairobi streets turn to filthy rivers as rain pounds city,https://www.citizen.digital/news/nairobi-streets-turn-to-filthy-rivers-as-rain-pounds-city-vehicles-nearly-submerged-n378622, ,-1.3141724,36.8376708,nominatim
Uhuru Highway,road,inadequate_drainage_capacity,1,,"Motorists along Uhuru Highway were among the hardest hit, with dramatic scenes showing vehicles nearly submerged as floodwaters engulfed sections of the busy roadway.",0.9,citizen_streets_rivers,Nairobi streets turn to filthy rivers as rain pounds city,https://www.citizen.digital/news/nairobi-streets-turn-to-filthy-rivers-as-rain-pounds-city-vehicles-nearly-submerged-n378622, ,-1.2974475,36.8232982,nominatim
Kilimani,neighbourhood,impervious_runoff,1,,"Flooding was also reported in Kilimani and parts of the central business district, where heavy runoff turned streets into streams, slowing movement and forcing some drivers to abandon flooded routes.",0.9,citizen_streets_rivers,Nairobi streets turn to filthy rivers as rain pounds city,https://www.citizen.digital/news/nairobi-streets-turn-to-filthy-rivers-as-rain-pounds-city-vehicles-nearly-submerged-n378622, ,-1.2960146,36.7817791,nominatim
central business district,neighbourhood,impervious_runoff,1,,"Flooding was also reported in Kilimani and parts of the central business district, where heavy runoff turned streets into streams, slowing movement and forcing some drivers to abandon flooded routes.",0.9,citizen_streets_rivers,Nairobi streets turn to filthy rivers as rain pounds city,https://www.citizen.digital/news/nairobi-streets-turn-to-filthy-rivers-as-rain-pounds-city-vehicles-nearly-submerged-n378622, ,-1.2863575,36.8216988,nominatim
Uhuru Highway,road,unknown,1,,"Major roads affected in last night’s flooding include sections of CBD roads, Uhuru Highway, Mbagathi Way, Mombasa Road (South C–JKIA Exit-Kyumbi), Thika Superhighway (Githurai-Kahawa Sukari), Jogoo Road, Lunga Lunga Road, Enterprise Road and Lang’ata Road near T-Mall.",0.9,kenyans_kdf_redcross_cbd,KDF and Red Cross deploy as heavy rains submerge CBD and major highways,https://www.kenyans.co.ke/news/121448-kdf-and-red-cross-deploy-heavy-rains-submerge-cbd-and-major-highways, ,-1.2974475,36.8232982,nominatim
Mbagathi Way,road,unknown,1,,"Major roads affected in last night’s flooding include sections of CBD roads, Uhuru Highway, Mbagathi Way, Mombasa Road (South C–JKIA Exit-Kyumbi), Thika Superhighway (Githurai-Kahawa Sukari), Jogoo Road, Lunga Lunga Road, Enterprise Road and Lang’ata Road near T-Mall.",0.9,kenyans_kdf_redcross_cbd,KDF and Red Cross deploy as heavy rains submerge CBD and major highways,https://www.kenyans.co.ke/news/121448-kdf-and-red-cross-deploy-heavy-rains-submerge-cbd-and-major-highways, ,-1.3148249,36.8087925,nominatim
Jogoo Road,road,unknown,1,,"Major roads affected in last night’s flooding include sections of CBD roads, Uhuru Highway, Mbagathi Way, Mombasa Road (South C–JKIA Exit-Kyumbi), Thika Superhighway (Githurai-Kahawa Sukari), Jogoo Road, Lunga Lunga Road, Enterprise Road and Lang’ata Road near T-Mall.",0.9,kenyans_kdf_redcross_cbd,KDF and Red Cross deploy as heavy rains submerge CBD and major highways,https://www.kenyans.co.ke/news/121448-kdf-and-red-cross-deploy-heavy-rains-submerge-cbd-and-major-highways, ,-1.2969121,36.864002,nominatim
Lunga Lunga Road,road,unknown,1,,"Major roads affected in last night’s flooding include sections of CBD roads, Uhuru Highway, Mbagathi Way, Mombasa Road (South C–JKIA Exit-Kyumbi), Thika Superhighway (Githurai-Kahawa Sukari), Jogoo Road, Lunga Lunga Road, Enterprise Road and Lang’ata Road near T-Mall.",0.9,kenyans_kdf_redcross_cbd,KDF and Red Cross deploy as heavy rains submerge CBD and major highways,https://www.kenyans.co.ke/news/121448-kdf-and-red-cross-deploy-heavy-rains-submerge-cbd-and-major-highways, ,-1.3091742,36.8601762,nominatim
Enterprise Road,road,unknown,1,,"Major roads affected in last night’s flooding include sections of CBD roads, Uhuru Highway, Mbagathi Way, Mombasa Road (South C–JKIA Exit-Kyumbi), Thika Superhighway (Githurai-Kahawa Sukari), Jogoo Road, Lunga Lunga Road, Enterprise Road and Lang’ata Road near T-Mall.",0.9,kenyans_kdf_redcross_cbd,KDF and Red Cross deploy as heavy rains submerge CBD and major highways,https://www.kenyans.co.ke/news/121448-kdf-and-red-cross-deploy-heavy-rains-submerge-cbd-and-major-highways, ,-1.3072572,36.84298,nominatim
Kirinyaga Road,road,unknown,1,,"As part of the flood response in Nairobi, Kenya Red Cross first responders rescued 20 people stranded along Kirinyaga Road and moved them to safety.",0.9,kenyans_kdf_redcross_cbd,KDF and Red Cross deploy as heavy rains submerge CBD and major highways,https://www.kenyans.co.ke/news/121448-kdf-and-red-cross-deploy-heavy-rains-submerge-cbd-and-major-highways, ,-1.280782,36.8277117,nominatim
Kware Road,road,unknown,1,,"some of the affected estates include Pipeline and Embakasi, where Kware Road was cut off",0.9,kenyans_kdf_redcross_cbd,KDF and Red Cross deploy as heavy rains submerge CBD and major highways,https://www.kenyans.co.ke/news/121448-kdf-and-red-cross-deploy-heavy-rains-submerge-cbd-and-major-highways, ,-1.3082433,36.8903279,nominatim
Kileleshwa,estate,river_overflow,1,2024-04,"Areas at risk near the Nairobi River include estates in Kileleshwa, Lang’ata, Ngara, Madaraka, Eastleigh and Kawangware.",0.9,kenyans_nps_warning,NPS warns of flooding in Kileleshwa Ngara Kibra Kasarani and 7 other estates,https://www.kenyans.co.ke/news/122991-nps-warns-flooding-kileleshwa-ngara-kibra-kasarani-7-other-nairobi-estates, ,-1.2767338,36.7879011,nominatim
Lang’ata,estate,river_overflow,1,2024-04,"Areas at risk near the Nairobi River include estates in Kileleshwa, Lang’ata, Ngara, Madaraka, Eastleigh and Kawangware.",0.9,kenyans_nps_warning,NPS warns of flooding in Kileleshwa Ngara Kibra Kasarani and 7 other estates,https://www.kenyans.co.ke/news/122991-nps-warns-flooding-kileleshwa-ngara-kibra-kasarani-7-other-nairobi-estates, ,-1.318968,36.7910322,nominatim
Ngara,estate,river_overflow,1,2024-04,"Areas at risk near the Nairobi River include estates in Kileleshwa, Lang’ata, Ngara, Madaraka, Eastleigh and Kawangware.",0.9,kenyans_nps_warning,NPS warns of flooding in Kileleshwa Ngara Kibra Kasarani and 7 other estates,https://www.kenyans.co.ke/news/122991-nps-warns-flooding-kileleshwa-ngara-kibra-kasarani-7-other-nairobi-estates, ,-1.2735233,36.8286211,nominatim
Madaraka,estate,river_overflow,1,2024-04,"Areas at risk near the Nairobi River include estates in Kileleshwa, Lang’ata, Ngara, Madaraka, Eastleigh and Kawangware.",0.9,kenyans_nps_warning,NPS warns of flooding in Kileleshwa Ngara Kibra Kasarani and 7 other estates,https://www.kenyans.co.ke/news/122991-nps-warns-flooding-kileleshwa-ngara-kibra-kasarani-7-other-nairobi-estates, ,-1.3074039,36.8153361,nominatim
Eastleigh,estate,river_overflow,1,2024-04,"Areas at risk near the Nairobi River include estates in Kileleshwa, Lang’ata, Ngara, Madaraka, Eastleigh and Kawangware.",0.9,kenyans_nps_warning,NPS warns of flooding in Kileleshwa Ngara Kibra Kasarani and 7 other estates,https://www.kenyans.co.ke/news/122991-nps-warns-flooding-kileleshwa-ngara-kibra-kasarani-7-other-nairobi-estates, ,-1.2743401,36.8489576,nominatim
Kawangware,estate,river_overflow,1,2024-04,"Areas at risk near the Nairobi River include estates in Kileleshwa, Lang’ata, Ngara, Madaraka, Eastleigh and Kawangware.",0.9,kenyans_nps_warning,NPS warns of flooding in Kileleshwa Ngara Kibra Kasarani and 7 other estates,https://www.kenyans.co.ke/news/122991-nps-warns-flooding-kileleshwa-ngara-kibra-kasarani-7-other-nairobi-estates, ,-1.2784631,36.751643,nominatim
Kibera,neighbourhood,river_overflow,1,2024-04,"Flood risks are also high in southern areas of the city, such as Kibera and South C, which lie along the Ngong River.",0.9,kenyans_nps_warning,NPS warns of flooding in Kileleshwa Ngara Kibra Kasarani and 7 other estates,https://www.kenyans.co.ke/news/122991-nps-warns-flooding-kileleshwa-ngara-kibra-kasarani-7-other-nairobi-estates, ,-1.3113332,36.7890001,nominatim
South C,neighbourhood,river_overflow,1,2024-04,"Flood risks are also high in southern areas of the city, such as Kibera and South C, which lie along the Ngong River.",0.9,kenyans_nps_warning,NPS warns of flooding in Kileleshwa Ngara Kibra Kasarani and 7 other estates,https://www.kenyans.co.ke/news/122991-nps-warns-flooding-kileleshwa-ngara-kibra-kasarani-7-other-nairobi-estates, ,-1.3188367,36.8278221,nominatim
Central Business District (CBD),neighbourhood,river_overflow,1,2024-04,"Sections of the Central Business District (CBD), Gikomba, Globe and Industrial Area are experiencing flooding risks as parts of the Nairobi River pass through them.",0.9,kenyans_nps_warning,NPS warns of flooding in Kileleshwa Ngara Kibra Kasarani and 7 other estates,https://www.kenyans.co.ke/news/122991-nps-warns-flooding-kileleshwa-ngara-kibra-kasarani-7-other-nairobi-estates, ,-1.2900328,36.8249721,nominatim
Gikomba,neighbourhood,river_overflow,1,2024-04,"Sections of the Central Business District (CBD), Gikomba, Globe and Industrial Area are experiencing flooding risks as parts of the Nairobi River pass through them.",0.9,kenyans_nps_warning,NPS warns of flooding in Kileleshwa Ngara Kibra Kasarani and 7 other estates,https://www.kenyans.co.ke/news/122991-nps-warns-flooding-kileleshwa-ngara-kibra-kasarani-7-other-nairobi-estates, ,-1.2867334,36.8415284,nominatim
Globe,neighbourhood,river_overflow,1,2024-04,"Sections of the Central Business District (CBD), Gikomba, Globe and Industrial Area are experiencing flooding risks as parts of the Nairobi River pass through them.",0.9,kenyans_nps_warning,NPS warns of flooding in Kileleshwa Ngara Kibra Kasarani and 7 other estates,https://www.kenyans.co.ke/news/122991-nps-warns-flooding-kileleshwa-ngara-kibra-kasarani-7-other-nairobi-estates, ,-1.2773484,36.8211132,nominatim
Industrial Area,neighbourhood,river_overflow,1,2024-04,"Sections of the Central Business District (CBD), Gikomba, Globe and Industrial Area are experiencing flooding risks as parts of the Nairobi River pass through them.",0.9,kenyans_nps_warning,NPS warns of flooding in Kileleshwa Ngara Kibra Kasarani and 7 other estates,https://www.kenyans.co.ke/news/122991-nps-warns-flooding-kileleshwa-ngara-kibra-kasarani-7-other-nairobi-estates, ,-1.3045352,36.8441856,nominatim
Kilimani,neighbourhood,river_overflow,1,2024-04,"Kilimani, Westlands, Mukuru Kwa Reuben and Korogocho are also among the affected areas.",0.9,kenyans_nps_warning,NPS warns of flooding in Kileleshwa Ngara Kibra Kasarani and 7 other estates,https://www.kenyans.co.ke/news/122991-nps-warns-flooding-kileleshwa-ngara-kibra-kasarani-7-other-nairobi-estates, ,-1.2960146,36.7817791,nominatim
Westlands,neighbourhood,river_overflow,1,2024-04,"Kilimani, Westlands, Mukuru Kwa Reuben and Korogocho are also among the affected areas.",0.9,kenyans_nps_warning,NPS warns of flooding in Kileleshwa Ngara Kibra Kasarani and 7 other estates,https://www.kenyans.co.ke/news/122991-nps-warns-flooding-kileleshwa-ngara-kibra-kasarani-7-other-nairobi-estates, ,-1.2465281,36.7860759,nominatim
Mukuru Kwa Reuben,neighbourhood,river_overflow,1,2024-04,"Kilimani, Westlands, Mukuru Kwa Reuben and Korogocho are also among the affected areas.",0.9,kenyans_nps_warning,NPS warns of flooding in Kileleshwa Ngara Kibra Kasarani and 7 other estates,https://www.kenyans.co.ke/news/122991-nps-warns-flooding-kileleshwa-ngara-kibra-kasarani-7-other-nairobi-estates, ,-1.3139083,36.88422,nominatim
Korogocho,neighbourhood,river_overflow,1,2024-04,"Kilimani, Westlands, Mukuru Kwa Reuben and Korogocho are also among the affected areas.",0.9,kenyans_nps_warning,NPS warns of flooding in Kileleshwa Ngara Kibra Kasarani and 7 other estates,https://www.kenyans.co.ke/news/122991-nps-warns-flooding-kileleshwa-ngara-kibra-kasarani-7-other-nairobi-estates, ,-1.2517501,36.8903088,nominatim
Mukuru,estate,unknown,2,2026-03,"According to the police, the most affected areas include Mukuru, Kibra, Mathare, Huruma, South B and C, Pipeline/Embakasi, Roysambu, Kahawa West, Githurai, and parts of Westlands.",0.9,peopledaily_death_toll_23,Death toll from Nairobi flooding hits 23 as over 10 estates are affected,https://peopledaily.digital/news/death-toll-from-nairobi-flooding-hits-23-as-over-10-estates-are-affected/amp, ,-1.3176821,36.8767563,nominatim
Kibra,estate,unknown,2,2026-03,"According to the police, the most affected areas include Mukuru, Kibra, Mathare, Huruma, South B and C, Pipeline/Embakasi, Roysambu, Kahawa West, Githurai, and parts of Westlands.",0.9,peopledaily_death_toll_23,Death toll from Nairobi flooding hits 23 as over 10 estates are affected,https://peopledaily.digital/news/death-toll-from-nairobi-flooding-hits-23-as-over-10-estates-are-affected/amp, ,-1.3061048,36.7809577,nominatim
Mathare,estate,unknown,2,2026-03,"According to the police, the most affected areas include Mukuru, Kibra, Mathare, Huruma, South B and C, Pipeline/Embakasi, Roysambu, Kahawa West, Githurai, and parts of Westlands.",0.9,peopledaily_death_toll_23,Death toll from Nairobi flooding hits 23 as over 10 estates are affected,https://peopledaily.digital/news/death-toll-from-nairobi-flooding-hits-23-as-over-10-estates-are-affected/amp, ,-1.2584151,36.8712653,nominatim
Huruma,estate,unknown,2,2026-03,"According to the police, the most affected areas include Mukuru, Kibra, Mathare, Huruma, South B and C, Pipeline/Embakasi, Roysambu, Kahawa West, Githurai, and parts of Westlands.",0.9,peopledaily_death_toll_23,Death toll from Nairobi flooding hits 23 as over 10 estates are affected,https://peopledaily.digital/news/death-toll-from-nairobi-flooding-hits-23-as-over-10-estates-are-affected/amp, ,-1.2587253,36.8715039,nominatim
South B,estate,unknown,2,2026-03,"According to the police, the most affected areas include Mukuru, Kibra, Mathare, Huruma, South B and C, Pipeline/Embakasi, Roysambu, Kahawa West, Githurai, and parts of Westlands.",0.9,peopledaily_death_toll_23,Death toll from Nairobi flooding hits 23 as over 10 estates are affected,https://peopledaily.digital/news/death-toll-from-nairobi-flooding-hits-23-as-over-10-estates-are-affected/amp, ,-1.3141724,36.8376708,nominatim
Pipeline/Embakasi,neighbourhood,unknown,2,2026-03,"According to the police, the most affected areas include Mukuru, Kibra, Mathare, Huruma, South B and C, Pipeline/Embakasi, Roysambu, Kahawa West, Githurai, and parts of Westlands.",0.9,peopledaily_death_toll_23,Death toll from Nairobi flooding hits 23 as over 10 estates are affected,https://peopledaily.digital/news/death-toll-from-nairobi-flooding-hits-23-as-over-10-estates-are-affected/amp, ,-1.3370458,36.8959243,nominatim
Roysambu,estate,unknown,2,2026-03,"According to the police, the most affected areas include Mukuru, Kibra, Mathare, Huruma, South B and C, Pipeline/Embakasi, Roysambu, Kahawa West, Githurai, and parts of Westlands.",0.9,peopledaily_death_toll_23,Death toll from Nairobi flooding hits 23 as over 10 estates are affected,https://peopledaily.digital/news/death-toll-from-nairobi-flooding-hits-23-as-over-10-estates-are-affected/amp, ,-1.2188396,36.8867392,nominatim
Kahawa West,estate,unknown,2,2026-03,"According to the police, the most affected areas include Mukuru, Kibra, Mathare, Huruma, South B and C, Pipeline/Embakasi, Roysambu, Kahawa West, Githurai, and parts of Westlands.",0.9,peopledaily_death_toll_23,Death toll from Nairobi flooding hits 23 as over 10 estates are affected,https://peopledaily.digital/news/death-toll-from-nairobi-flooding-hits-23-as-over-10-estates-are-affected/amp, ,-1.1863052,36.9068145,nominatim
Githurai,estate,unknown,2,2026-03,"According to the police, the most affected areas include Mukuru, Kibra, Mathare, Huruma, South B and C, Pipeline/Embakasi, Roysambu, Kahawa West, Githurai, and parts of Westlands.",0.9,peopledaily_death_toll_23,Death toll from Nairobi flooding hits 23 as over 10 estates are affected,https://peopledaily.digital/news/death-toll-from-nairobi-flooding-hits-23-as-over-10-estates-are-affected/amp, ,-1.202837,36.9168588,nominatim
Westlands,neighbourhood,unknown,2,2026-03,"According to the police, the most affected areas include Mukuru, Kibra, Mathare, Huruma, South B and C, Pipeline/Embakasi, Roysambu, Kahawa West, Githurai, and parts of Westlands.",0.9,peopledaily_death_toll_23,Death toll from Nairobi flooding hits 23 as over 10 estates are affected,https://peopledaily.digital/news/death-toll-from-nairobi-flooding-hits-23-as-over-10-estates-are-affected/amp, ,-1.2465281,36.7860759,nominatim
Uhuru Highway,road,unknown,1,2026-03,"Additionally, sections of Uhuru Highway, Mombasa Road, the Thika Superhighway, Jogoo Road, Enterprise Road, and Lang’ata Road have also been affected.",0.9,peopledaily_death_toll_23,Death toll from Nairobi flooding hits 23 as over 10 estates are affected,https://peopledaily.digital/news/death-toll-from-nairobi-flooding-hits-23-as-over-10-estates-are-affected/amp, ,-1.2974475,36.8232982,nominatim
Mombasa Road,road,unknown,1,2026-03,"Additionally, sections of Uhuru Highway, Mombasa Road, the Thika Superhighway, Jogoo Road, Enterprise Road, and Lang’ata Road have also been affected.",0.9,peopledaily_death_toll_23,Death toll from Nairobi flooding hits 23 as over 10 estates are affected,https://peopledaily.digital/news/death-toll-from-nairobi-flooding-hits-23-as-over-10-estates-are-affected/amp, ,-1.3302358,36.8558868,nominatim
Jogoo Road,road,unknown,1,2026-03,"Additionally, sections of Uhuru Highway, Mombasa Road, the Thika Superhighway, Jogoo Road, Enterprise Road, and Lang’ata Road have also been affected.",0.9,peopledaily_death_toll_23,Death toll from Nairobi flooding hits 23 as over 10 estates are affected,https://peopledaily.digital/news/death-toll-from-nairobi-flooding-hits-23-as-over-10-estates-are-affected/amp, ,-1.2969121,36.864002,nominatim
Enterprise Road,road,unknown,1,2026-03,"Additionally, sections of Uhuru Highway, Mombasa Road, the Thika Superhighway, Jogoo Road, Enterprise Road, and Lang’ata Road have also been affected.",0.9,peopledaily_death_toll_23,Death toll from Nairobi flooding hits 23 as over 10 estates are affected,https://peopledaily.digital/news/death-toll-from-nairobi-flooding-hits-23-as-over-10-estates-are-affected/amp, ,-1.3072572,36.84298,nominatim
Lang’ata Road,road,unknown,1,2026-03,"Additionally, sections of Uhuru Highway, Mombasa Road, the Thika Superhighway, Jogoo Road, Enterprise Road, and Lang’ata Road have also been affected.",0.9,peopledaily_death_toll_23,Death toll from Nairobi flooding hits 23 as over 10 estates are affected,https://peopledaily.digital/news/death-toll-from-nairobi-flooding-hits-23-as-over-10-estates-are-affected/amp, ,-1.3255281,36.7825924,nominatim
Mombasa Road,road,unknown,1,,"Mombasa Road, Thika Road, Jogoo Road, Langata Road have been the most severely affected during the flash-floods, with some staying completely cut off for hours.",0.95,standard_rickety_drainage,Nairobi county races to fix rickety drainage system,https://www.standardmedia.co.ke/counties/article/2001556818/nairobi-county-races-to-fix-rickety-drainage-system, ,-1.3302358,36.8558868,nominatim
Thika Road,road,unknown,1,,"Mombasa Road, Thika Road, Jogoo Road, Langata Road have been the most severely affected during the flash-floods, with some staying completely cut off for hours.",0.95,standard_rickety_drainage,Nairobi county races to fix rickety drainage system,https://www.standardmedia.co.ke/counties/article/2001556818/nairobi-county-races-to-fix-rickety-drainage-system, ,-1.2348175,36.8736262,nominatim
Jogoo Road,road,unknown,1,,"Mombasa Road, Thika Road, Jogoo Road, Langata Road have been the most severely affected during the flash-floods, with some staying completely cut off for hours.",0.95,standard_rickety_drainage,Nairobi county races to fix rickety drainage system,https://www.standardmedia.co.ke/counties/article/2001556818/nairobi-county-races-to-fix-rickety-drainage-system, ,-1.2969121,36.864002,nominatim
Langata Road,road,unknown,1,,"Mombasa Road, Thika Road, Jogoo Road, Langata Road have been the most severely affected during the flash-floods, with some staying completely cut off for hours.",0.95,standard_rickety_drainage,Nairobi county races to fix rickety drainage system,https://www.standardmedia.co.ke/counties/article/2001556818/nairobi-county-races-to-fix-rickety-drainage-system, ,-1.3340427,36.7171166,nominatim
Nairobi Expressway,road,unknown,1,,The Nairobi Expressway has also been affected by the floods.,0.95,standard_rickety_drainage,Nairobi county races to fix rickety drainage system,https://www.standardmedia.co.ke/counties/article/2001556818/nairobi-county-races-to-fix-rickety-drainage-system, ,-1.269222,36.8059895,nominatim
Kayole,neighbourhood,unknown,2,,"Some settlements that have been submerged during the heavy rains include parts of Kayole, Mathare, Mukuru kwa Ruben, Kware slums, parts of Githurai and Kahawa West and sections of Athi River estates among others.",0.95,standard_rickety_drainage,Nairobi county races to fix rickety drainage system,https://www.standardmedia.co.ke/counties/article/2001556818/nairobi-county-races-to-fix-rickety-drainage-system, ,-1.2667475,36.9193623,nominatim
Mathare,neighbourhood,unknown,2,,"Some settlements that have been submerged during the heavy rains include parts of Kayole, Mathare, Mukuru kwa Ruben, Kware slums, parts of Githurai and Kahawa West and sections of Athi River estates among others.",0.95,standard_rickety_drainage,Nairobi county races to fix rickety drainage system,https://www.standardmedia.co.ke/counties/article/2001556818/nairobi-county-races-to-fix-rickety-drainage-system, ,-1.2584151,36.8712653,nominatim
Mukuru kwa Ruben,neighbourhood,unknown,2,,"Some settlements that have been submerged during the heavy rains include parts of Kayole, Mathare, Mukuru kwa Ruben, Kware slums, parts of Githurai and Kahawa West and sections of Athi River estates among others.",0.95,standard_rickety_drainage,Nairobi county races to fix rickety drainage system,https://www.standardmedia.co.ke/counties/article/2001556818/nairobi-county-races-to-fix-rickety-drainage-system, ,-1.3167513,36.8825987,nominatim
Githurai,neighbourhood,unknown,2,,"Some settlements that have been submerged during the heavy rains include parts of Kayole, Mathare, Mukuru kwa Ruben, Kware slums, parts of Githurai and Kahawa West and sections of Athi River estates among others.",0.95,standard_rickety_drainage,Nairobi county races to fix rickety drainage system,https://www.standardmedia.co.ke/counties/article/2001556818/nairobi-county-races-to-fix-rickety-drainage-system, ,-1.202837,36.9168588,nominatim
Kahawa West,neighbourhood,unknown,2,,"Some settlements that have been submerged during the heavy rains include parts of Kayole, Mathare, Mukuru kwa Ruben, Kware slums, parts of Githurai and Kahawa West and sections of Athi River estates among others.",0.95,standard_rickety_drainage,Nairobi county races to fix rickety drainage system,https://www.standardmedia.co.ke/counties/article/2001556818/nairobi-county-races-to-fix-rickety-drainage-system, ,-1.1863052,36.9068145,nominatim
Dagoretti North,neighbourhood,unknown,1,,"Kenya Red Cross has identified 18 areas at high risk of flooding within the Capital including Dagoretti North, Mathare, Embakasi North, Embakasi South, and Makadara.",0.95,standard_rickety_drainage,Nairobi county races to fix rickety drainage system,https://www.standardmedia.co.ke/counties/article/2001556818/nairobi-county-races-to-fix-rickety-drainage-system, ,-1.2797593,36.7750641,nominatim
Embakasi North,neighbourhood,unknown,1,,"Kenya Red Cross has identified 18 areas at high risk of flooding within the Capital including Dagoretti North, Mathare, Embakasi North, Embakasi South, and Makadara.",0.95,standard_rickety_drainage,Nairobi county races to fix rickety drainage system,https://www.standardmedia.co.ke/counties/article/2001556818/nairobi-county-races-to-fix-rickety-drainage-system, ,-1.2510972,36.8999351,nominatim
Embakasi South,neighbourhood,unknown,1,,"Kenya Red Cross has identified 18 areas at high risk of flooding within the Capital including Dagoretti North, Mathare, Embakasi North, Embakasi South, and Makadara.",0.95,standard_rickety_drainage,Nairobi county races to fix rickety drainage system,https://www.standardmedia.co.ke/counties/article/2001556818/nairobi-county-races-to-fix-rickety-drainage-system, ,-1.3323111,36.8974515,nominatim
Makadara,neighbourhood,unknown,1,,"Kenya Red Cross has identified 18 areas at high risk of flooding within the Capital including Dagoretti North, Mathare, Embakasi North, Embakasi South, and Makadara.",0.95,standard_rickety_drainage,Nairobi county races to fix rickety drainage system,https://www.standardmedia.co.ke/counties/article/2001556818/nairobi-county-races-to-fix-rickety-drainage-system, ,-1.2952187,36.8718614,nominatim
Central Business District,neighbourhood,inadequate_drainage_capacity,1,2024-03,"Areas in which floods were experienced included sections of the Central Business District, Westlands, and Eastleigh among others.",0.9,star_traffic_chaos_2024_03,Hours of heavy rain spark flooding traffic chaos in Nairobi,https://www.the-star.co.ke/counties/nairobi/2024-03-25-hours-of-heavy-rain-spark-flooding-traffic-chaos-in-nairobi,2024-03-25,-1.2863575,36.8216988,nominatim
Westlands,neighbourhood,inadequate_drainage_capacity,1,2024-03,"Areas in which floods were experienced included sections of the Central Business District, Westlands, and Eastleigh among others.",0.9,star_traffic_chaos_2024_03,Hours of heavy rain spark flooding traffic chaos in Nairobi,https://www.the-star.co.ke/counties/nairobi/2024-03-25-hours-of-heavy-rain-spark-flooding-traffic-chaos-in-nairobi,2024-03-25,-1.2465281,36.7860759,nominatim
Eastleigh,neighbourhood,inadequate_drainage_capacity,1,2024-03,"Areas in which floods were experienced included sections of the Central Business District, Westlands, and Eastleigh among others.",0.9,star_traffic_chaos_2024_03,Hours of heavy rain spark flooding traffic chaos in Nairobi,https://www.the-star.co.ke/counties/nairobi/2024-03-25-hours-of-heavy-rain-spark-flooding-traffic-chaos-in-nairobi,2024-03-25,-1.2743401,36.8489576,nominatim
Expressway,road,drainage_blockage,1,2024-03,The Expressway was not spared as water remained stagnant on sections of the 27 km road with motorists stuck for some time.,0.9,star_traffic_chaos_2024_03,Hours of heavy rain spark flooding traffic chaos in Nairobi,https://www.the-star.co.ke/counties/nairobi/2024-03-25-hours-of-heavy-rain-spark-flooding-traffic-chaos-in-nairobi,2024-03-25,-1.2591297,36.7842153,nominatim
Mathare,neighbourhood,unknown,1,2024-04,"“Here, floods are a blessing and a curse” Pauline Wegumo, Mathare leader, April 13th 2024.",0.7,utwente_diagnostics,Diagnostics of urban flooding in Nairobi (University of Twente),https://research.utwente.nl/en/publications/diagnostics-of-urban-flooding-in-nairobi/, ,-1.2584151,36.8712653,nominatim
