source_id,title,url,note
citizen_streets_rivers,Nairobi streets turn to filthy rivers as rain pounds city,https://www.citizen.digital/news/nairobi-streets-turn-to-filthy-rivers-as-rain-pounds-city-vehicles-nearly-submerged-n378622,incident report
standard_rickety_drainage,Nairobi county races to fix rickety drainage system,https://www.standardmedia.co.ke/counties/article/2001556818/nairobi-county-races-to-fix-rickety-drainage-system,drainage condition
standard_nema_failing_system,NEMA on the spot as heavy rains expose Nairobi's failing system,https://www.standardmedia.co.ke/business/national/article/2001543097/nema-on-the-spot-as-heavy-rains-expose-nairobis-failing-system,drainage/encroachment
capital_failing_drainage_2026,Nairobi's failing drainage exposed again as flooded roads trap hundreds,https://capitalfm.africa/nairobi-floods-cars-stranded-kdf-rescue-drainage-failure/,incident report (Mar 2026)
asm_planning_failures,Nairobi city floods expose Kenya's urban planning failures,https://africasustainabilitymatters.com/nairobi-city-floods-expose-kenyas-urban-planning-failures-amid-intensifying-climate-risks/,analysis
standard_businesses_shut,Nairobi businesses shut houses submerged as floods expose poor drainage,https://thestandard.ke/sports/nairobi/article/2001488882/nairobi-businesses-shut-houses-submerged-as-floods-expose-poor-drainage,incident report
star_downpour_2024_01,Heavy downpour exposes city's poor drainage system,https://www.the-star.co.ke/news/2024-01-06-heavy-downpour-exposes-citys-poor-drainage-system,incident report (Jan 2024)
star_traffic_chaos_2024_03,Hours of heavy rain spark flooding traffic chaos in Nairobi,https://www.the-star.co.ke/counties/nairobi/2024-03-25-hours-of-heavy-rain-spark-flooding-traffic-chaos-in-nairobi,incident report (Mar 2024)
standard_perennial_crisis,Nairobi's perennial flooding crisis: a failure of promises and planning,https://thestandard.ke/business/counties/article/2001510573/nairobis-perennial-flooding-crisis-a-failure-of-promises-and-planning,analysis
standard_poor_planning,Nairobi's flood crisis driven by poor planning not just heavy rain,https://standardmedia.co.ke/business/amp/national/article/2001554189/nairobis-flood-crisis-driven-by-poor-planning-not-just-heavy-rain,analysis
wri_release,WRI research shows Nairobi's flooding crisis spans beyond rainfall,https://africa.wri.org/news/release-new-wri-research-shows-nairobis-flooding-crisis-spans-beyond-rainfall-calls-new,research summary
nairobinews_three_killed,Three killed as heavy rain pounds Nairobi,https://nairobinews.nation.africa/three-killed-as-heavy-rain-pounds-nairobi,incident report
kenyans_kdf_redcross_cbd,KDF and Red Cross deploy as heavy rains submerge CBD and major highways,https://www.kenyans.co.ke/news/121448-kdf-and-red-cross-deploy-heavy-rains-submerge-cbd-and-major-highways,incident report
peopledaily_death_toll_23,Death toll from Nairobi flooding hits 23 as over 10 estates are affected,https://peopledaily.digital/news/death-toll-from-nairobi-flooding-hits-23-as-over-10-estates-are-affected/amp,incident report
african_mirror_42_dead,Nairobi under water: 42 dead 50000 displaced,https://theafricanmirror.africa/news/nairobi-under-water-42-dead-50000-displaced-as-kenyas-floods-expose-a-citys-broken-promises/,incident report
star_dam_evacuation,State orders evacuation over Nairobi dam overflow fear,https://www.the-star.co.ke/news/2026-03-22-state-orders-evacuation-over-nairobi-dam-overflow-fear,likely river/dam - mostly excluded by mechanism filter
reliefweb_sh194m,Nairobi sets aside Sh194m to deal with flooding,https://reliefweb.int/report/kenya/nairobi-sets-aside-sh194m-deal-flooding,drainage works locations
utwente_diagnostics,Diagnostics of urban flooding in Nairobi (University of Twente),https://research.utwente.nl/en/publications/diagnostics-of-urban-flooding-in-nairobi/,academic - abstract page
kenyans_nps_warning,NPS warns of flooding in Kileleshwa Ngara Kibra Kasarani and 7 other estates,https://www.kenyans.co.ke/news/122991-nps-warns-flooding-kileleshwa-ngara-kibra-kasarani-7-other-nairobi-estates,BORDERLINE: a warning list - review before use
